-- phpMyAdmin SQL Dump
-- version 5.1.1
-- https://www.phpmyadmin.net/
--
-- Host: 127.0.0.1
-- Generation Time: Feb 22, 2023 at 01:25 AM
-- Server version: 10.4.20-MariaDB
-- PHP Version: 8.0.8

SET SQL_MODE = "NO_AUTO_VALUE_ON_ZERO";
START TRANSACTION;
SET time_zone = "+00:00";


/*!40101 SET @OLD_CHARACTER_SET_CLIENT=@@CHARACTER_SET_CLIENT */;
/*!40101 SET @OLD_CHARACTER_SET_RESULTS=@@CHARACTER_SET_RESULTS */;
/*!40101 SET @OLD_COLLATION_CONNECTION=@@COLLATION_CONNECTION */;
/*!40101 SET NAMES utf8mb4 */;

--
-- Database: `pustaka`
--

-- --------------------------------------------------------

--
-- Table structure for table `booking`
--

CREATE TABLE `booking` (
  `id_booking` varchar(12) NOT NULL,
  `tgl_booking` date NOT NULL,
  `batas_ambil` date NOT NULL,
  `id_user` int(11) NOT NULL
) ENGINE=InnoDB DEFAULT CHARSET=utf8mb4;

-- --------------------------------------------------------

--
-- Table structure for table `booking_detail`
--

CREATE TABLE `booking_detail` (
  `id` int(11) NOT NULL,
  `id_booking` varchar(12) NOT NULL,
  `id_buku` int(11) NOT NULL
) ENGINE=InnoDB DEFAULT CHARSET=utf8mb4;

-- --------------------------------------------------------

--
-- Table structure for table `buku`
--

CREATE TABLE `buku` (
  `id` int(11) NOT NULL,
  `judul_buku` varchar(128) NOT NULL,
  `id_kategori` int(11) NOT NULL,
  `pengarang` varchar(64) NOT NULL,
  `penerbit` varchar(64) NOT NULL,
  `tahun_terbit` year(4) NOT NULL,
  `isbn` varchar(64) NOT NULL,
  `stok` int(11) NOT NULL,
  `dipinjam` int(11) NOT NULL,
  `dibooking` int(11) NOT NULL,
  `image` varchar(256) DEFAULT 'book-default-cover.jpg'
) ENGINE=InnoDB DEFAULT CHARSET=latin1;

--
-- Dumping data for table `buku`
--

INSERT INTO `buku` (`id`, `judul_buku`, `id_kategori`, `pengarang`, `penerbit`, `tahun_terbit`, `isbn`, `stok`, `dipinjam`, `dibooking`, `image`) VALUES
(1, 'Statistika dengan Program Komputer', 1, 'Ahmad Kholiqul Amin', 'Deep Publish', 2014, '9786022809432', 3, 1, 4, 'img1557402455.jpg'),
(2, 'Mudah Belajar Komputer untuk Anak', 1, 'Bambang Agus Setiawan', 'Huta Media', 2014, '9786025118500', 3, 3, 3, 'img1557402397.jpg'),
(3, 'PHP Komplet', 1, 'Jubilee', 'Elex Media Komputindo', 2017, '8346753547', 5, 1, 1, 'img1555522493.jpg'),
(4, 'Detektif Conan Ep 200', 9, 'Okigawa sasuke', 'Cultura', 2016, '874387583987', 5, 0, 0, 'img1557401465.jpg'),
(5, 'Bahasa Indonesia', 2, 'Umri Nur\'aini dan Indriyani', 'Pusat Perbukuan', 2015, '757254724884', 3, 0, 0, 'img1557402703.jpg'),
(6, 'Komunikasi Lintas Budaya', 5, 'Dr. Dedy Kurnia', 'Published', 2015, '878674646488', 5, 0, 0, 'img1557403156.jpg'),
(7, 'Kolaborasi Codeigniter dan Ajax dalam Perancangan CMS', 1, 'Anton Subagia', 'Elex Media komputindo', 2017, '43345356577', 5, 0, 0, 'img1557403502.jpg'),
(8, 'From Hobby to Money', 4, 'Deasylawati', 'Elex Media Komputindo', 2015, '87968686787879', 5, 0, 0, 'img1557403658.jpg'),
(9, 'Buku Saku Pramuka', 8, 'Rudi Himawan', 'Pusat Perbukuan', 2016, '97868687978796', 6, 0, 0, 'img1557404613.jpg'),
(10, 'Rahasia Keajaiban Bumi', 3, 'Nurul Ihsan', 'Luxima', 2014, '565756565768868', 5, 0, 0, 'img1557404689.jpg'),
(11, 'Buku Pintar Puasa Wajib dan Sunnah Sepanjang Masa', 7, 'Ali Hasan', 'Luxima', 2011, '32342342344234', 5, 0, 0, 'img1557404775.jpg'),
(12, 'Aspek Hukum dalam Penelitian', 6, 'Rianto Adi', 'Buku Obor', 2015, '7565646455757', 5, 0, 0, 'img1557404853.jpg'),
(13, 'Ulumul Qur’an : kisah generasi Qur’ani dari kalangan Tabi\'in', 7, 'Muhammad Roihan Nasution', 'Perdana Mulya Sarana', 2020, '978-623-7160-93-9', 5, 0, 0, 'img1557404775.jpg'),
(14, 'Umar bin Khatab', 7, 'penulis, M. Shodiq A', 'Sandiarta Sukses', 2020, '978-602-6661-35-7', 5, 0, 0, 'img1557404775.jpg'),
(15, 'Kisah teladan Khalifah Umar bin Khatab', 7, 'Nina Mahardika', 'PT. Jepe Press Media Utama', 2020, '978-623-214-055-4', 5, 0, 0, 'img1557404775.jpg'),
(16, 'Etika dalam sistem-sistem evolusi fiqih : menyelami keutamaan etik pada ijtihad Umar bin Khatab', 7, 'Syefriyeni', 'UIN Raden Fatah Press', 2020, '978-623-250-011-2', 5, 0, 0, 'img1557404775.jpg'),
(17, 'Umar bin khatab [sumber elektronis] : ahli perang penyayang', 7, 'K. Usman', 'PT. Luxima Metro Media', 2020, '978-602-268-317-9', 5, 0, 0, 'img1557404775.jpg'),
(18, 'Abu Bakar As Shiddiq dan Umar bin Khatab', 7, 'Rani Yulianty', 'JP Books', 2020, '978-602-206-482-4', 5, 0, 0, 'img1557404775.jpg'),
(19, 'Sang pelayan agung [sumber elektronis] : Khalifah Umar bin Khatab Ra.', 7, 'Ali Hanafiah', 'Grasindo (Gramedia Widia Sarana Indonesia)', 2020, '978-602-05-0698-2', 5, 0, 0, 'img1557404775.jpg'),
(20, 'Umar bin Khatab R.A. : pemisah antara kebenaran dan kebatilan', 7, 'Muhammad Ridha', 'Al-Qowam', 2020, '978-602-8417-34-1', 5, 0, 0, 'img1557404775.jpg'),
(21, 'Kisah hidup Umar Bin Khatab', 7, 'Ali Muhammad Ash-Shallabi', 'Aqwam', 2020, '978-979-039-938-9', 5, 0, 0, 'img1557404775.jpg'),
(22, 'Metode menghafal talaqqi dengan movie untuk meningkatkan kemampuan menceritakan kembali : Umar bin Khatab', 7, 'Lilik Cholifah', 'Qahar Publisher', 2020, '978-623-7920-44-1', 5, 0, 0, 'img1557404775.jpg'),
(23, 'Seri sahabat nabi Abu bakar As-Shiddiq & Umar bin Khatab', 7, 'Rani Yulianty', 'CV. Wardhana', 2020, '978-623-90867-9-4', 5, 0, 0, 'img1557404775.jpg');

-- --------------------------------------------------------

--
-- Table structure for table `detail_pinjam`
--

CREATE TABLE `detail_pinjam` (
  `no_pinjam` varchar(12) NOT NULL,
  `id_buku` int(11) NOT NULL,
  `denda` int(11) NOT NULL
) ENGINE=InnoDB DEFAULT CHARSET=utf8mb4;

--
-- Dumping data for table `detail_pinjam`
--

INSERT INTO `detail_pinjam` (`no_pinjam`, `id_buku`, `denda`) VALUES
('20102022001', 1, 5000),
('20102022001', 5, 5000),
('04122022002', 1, 5000);

-- --------------------------------------------------------

--
-- Table structure for table `kategori`
--

CREATE TABLE `kategori` (
  `id` int(11) NOT NULL,
  `kategori` varchar(45) NOT NULL
) ENGINE=InnoDB DEFAULT CHARSET=latin1;

--
-- Dumping data for table `kategori`
--

INSERT INTO `kategori` (`id`, `kategori`) VALUES
(1, 'Komputer'),
(2, 'Bahasa'),
(3, 'Sains'),
(4, 'Hobby'),
(5, 'Komunikasi'),
(6, 'Hukum'),
(7, 'Agama'),
(8, 'Populer'),
(9, 'Komik');

-- --------------------------------------------------------

--
-- Table structure for table `menu`
--

CREATE TABLE `menu` (
  `id` int(11) NOT NULL,
  `menu` varchar(128) NOT NULL
) ENGINE=InnoDB DEFAULT CHARSET=latin1;

--
-- Dumping data for table `menu`
--

INSERT INTO `menu` (`id`, `menu`) VALUES
(1, 'Admin'),
(2, 'User'),
(3, 'Menu'),
(4, 'Utility'),
(5, 'Buku'),
(6, 'Anggota'),
(7, 'Laporan');

-- --------------------------------------------------------

--
-- Table structure for table `pinjam`
--

CREATE TABLE `pinjam` (
  `no_pinjam` varchar(12) NOT NULL,
  `tgl_pinjam` date NOT NULL,
  `id_booking` varchar(12) NOT NULL,
  `id_user` int(11) NOT NULL,
  `tgl_kembali` date NOT NULL,
  `tgl_pengembalian` date NOT NULL,
  `status` enum('Pinjam','Kembali') NOT NULL,
  `total_denda` int(11) NOT NULL
) ENGINE=InnoDB DEFAULT CHARSET=utf8mb4;

--
-- Dumping data for table `pinjam`
--

INSERT INTO `pinjam` (`no_pinjam`, `tgl_pinjam`, `id_booking`, `id_user`, `tgl_kembali`, `tgl_pengembalian`, `status`, `total_denda`) VALUES
('04122022002', '2022-12-04', '04122022001', 1, '2022-12-07', '2022-12-04', 'Kembali', 0),
('20102022001', '2022-10-20', '20102022001', 1, '2022-10-23', '2022-10-20', 'Kembali', 0);

-- --------------------------------------------------------

--
-- Table structure for table `role`
--

CREATE TABLE `role` (
  `id` int(11) NOT NULL,
  `role` varchar(128) NOT NULL
) ENGINE=InnoDB DEFAULT CHARSET=latin1;

--
-- Dumping data for table `role`
--

INSERT INTO `role` (`id`, `role`) VALUES
(1, 'admministrator'),
(2, 'member');

-- --------------------------------------------------------

--
-- Table structure for table `temp`
--

CREATE TABLE `temp` (
  `id` int(11) NOT NULL,
  `tgl_booking` datetime DEFAULT NULL,
  `id_user` varchar(12) NOT NULL,
  `email_user` varchar(128) DEFAULT NULL,
  `id_buku` int(11) DEFAULT NULL,
  `judul_buku` varchar(255) NOT NULL,
  `image` varchar(255) NOT NULL,
  `penulis` varchar(255) NOT NULL,
  `penerbit` varchar(255) NOT NULL,
  `tahun_terbit` year(4) NOT NULL
) ENGINE=InnoDB DEFAULT CHARSET=utf8mb4;

-- --------------------------------------------------------

--
-- Table structure for table `user`
--

CREATE TABLE `user` (
  `id` int(11) NOT NULL,
  `nama` varchar(128) NOT NULL,
  `alamat` varchar(280) NOT NULL,
  `email` varchar(128) NOT NULL,
  `image` varchar(128) NOT NULL,
  `password` varchar(256) NOT NULL,
  `role_id` int(11) NOT NULL,
  `is_active` int(1) NOT NULL,
  `tanggal_input` int(11) NOT NULL
) ENGINE=InnoDB DEFAULT CHARSET=latin1;

--
-- Dumping data for table `user`
--

INSERT INTO `user` (`id`, `nama`, `alamat`, `email`, `image`, `password`, `role_id`, `is_active`, `tanggal_input`) VALUES
(1, 'Imam Nawawi', '', 'imam.imw@gmail.com', 'pro1557486527.jpg', '$2y$10$jLgqE1IBWTdVFuBfgq4u/upFdTkdRmKSigfZ7M8qHbjkTmnf26D5a', 1, 1, 1554218983);

--
-- Indexes for dumped tables
--

--
-- Indexes for table `booking`
--
ALTER TABLE `booking`
  ADD PRIMARY KEY (`id_booking`);

--
-- Indexes for table `booking_detail`
--
ALTER TABLE `booking_detail`
  ADD PRIMARY KEY (`id`);

--
-- Indexes for table `buku`
--
ALTER TABLE `buku`
  ADD PRIMARY KEY (`id`);

--
-- Indexes for table `kategori`
--
ALTER TABLE `kategori`
  ADD PRIMARY KEY (`id`);

--
-- Indexes for table `menu`
--
ALTER TABLE `menu`
  ADD PRIMARY KEY (`id`);

--
-- Indexes for table `pinjam`
--
ALTER TABLE `pinjam`
  ADD PRIMARY KEY (`no_pinjam`);

--
-- Indexes for table `role`
--
ALTER TABLE `role`
  ADD PRIMARY KEY (`id`);

--
-- Indexes for table `temp`
--
ALTER TABLE `temp`
  ADD PRIMARY KEY (`id`);

--
-- Indexes for table `user`
--
ALTER TABLE `user`
  ADD PRIMARY KEY (`id`);

--
-- AUTO_INCREMENT for dumped tables
--

--
-- AUTO_INCREMENT for table `booking_detail`
--
ALTER TABLE `booking_detail`
  MODIFY `id` int(11) NOT NULL AUTO_INCREMENT, AUTO_INCREMENT=10;

--
-- AUTO_INCREMENT for table `buku`
--
ALTER TABLE `buku`
  MODIFY `id` int(11) NOT NULL AUTO_INCREMENT, AUTO_INCREMENT=24;

--
-- AUTO_INCREMENT for table `kategori`
--
ALTER TABLE `kategori`
  MODIFY `id` int(11) NOT NULL AUTO_INCREMENT, AUTO_INCREMENT=10;

--
-- AUTO_INCREMENT for table `menu`
--
ALTER TABLE `menu`
  MODIFY `id` int(11) NOT NULL AUTO_INCREMENT, AUTO_INCREMENT=8;

--
-- AUTO_INCREMENT for table `role`
--
ALTER TABLE `role`
  MODIFY `id` int(11) NOT NULL AUTO_INCREMENT, AUTO_INCREMENT=3;

--
-- AUTO_INCREMENT for table `temp`
--
ALTER TABLE `temp`
  MODIFY `id` int(11) NOT NULL AUTO_INCREMENT;

--
-- AUTO_INCREMENT for table `user`
--
ALTER TABLE `user`
  MODIFY `id` int(11) NOT NULL AUTO_INCREMENT, AUTO_INCREMENT=2;
COMMIT;

/*!40101 SET CHARACTER_SET_CLIENT=@OLD_CHARACTER_SET_CLIENT */;
/*!40101 SET CHARACTER_SET_RESULTS=@OLD_CHARACTER_SET_RESULTS */;
/*!40101 SET COLLATION_CONNECTION=@OLD_COLLATION_CONNECTION */;
